{"Q4pB":{"GOOGL":{"buys":{"2023-04-25":3},"sells":{},"CurrentHoldings":3},"AAPL":{"buys":{"2023-04-25":5},"sells":{},"CurrentHoldings":5}},"biOu":{},"gpUo":{},"8QKp":{},"zNO8":{},"ID1":{"MSFT":{"buys":{"2021-07-01":4,"2021-08-04":2,"2021-06-05":2},"sells":{"2021-08-02":1,"2021-08-04":3},"CurrentHoldings":5}},"jQaU":{},"7SOC":{"GOOGL":{"buys":{"2023-03-28":1},"sells":{"2023-03-28":1},"CurrentHoldings":0},"AAPL":{"buys":{"2023-03-28":20},"sells":{},"CurrentHoldings":25},"TSLA":{"buys":{"2023-03-29":10},"sells":{},"CurrentHoldings":13},"IBM":{"buys":{"2023-03-28":10},"sells":{},"CurrentHoldings":10}},"h1rU":{"AAPL":{"buys":{"2023-04-25":5},"sells":{},"CurrentHoldings":5}},"2SsG":{},"95yQ":{}}