{"Q4pB":{"password":"123","balance":99869.59999999999,"userName":"abc"},"biOu":{"password":"sms","balance":"200000.0","userName":"SAHIL"},"gpUo":{"password":"1818","balance":600000,"userName":"SAHIL"},"8QKp":{"password":"1234","balance":"100000.0","userName":"sahil"},"zNO8":{"password":"qwerty","balance":"10000.0","userName":"Siddhant"},"ID1":{"password":"secretpassword","balance":267810.64,"userName":"loki"},"jQaU":{"password":"sms","balance":"10000.0","userName":"sahil"},"7SOC":{"password":"1818","balance":502244.91,"userName":"SAHIL"},"h1rU":{"password":"1818","balance":199281.15,"userName":"Sahil"},"2SsG":{"password":"1818","balance":"200000.0","userName":"Sahil"},"95yQ":{"password":"1818","balance":"300000.0","userName":"SAHIL"}}